Uber Type,City/Area Name,Market Name,State,Date Entered-Soft,Date Entered-Official,Date Left,Date Entered 2nd,Date Left 2nd,Source 1,Source 2,Source 3,Source 4,Notes
UberX,Calgary,Calgary,AB,,15-Oct-15,21-Nov-15,,,https://newsroom.uber.com/canada/en/calgary-your-uber-is-arriving-now/,https://newsroom.uber.com/canada/en/uberx-service-temporarily-suspended/,,,
UberX,Edmonton,Edmonton,AB,,18-Dec-14,1-Mar-16,,,https://newsroom.uber.com/canada/en/uberx-is-arriving-now-in-ottawa-2/,https://newsroom.uber.com/canada/en/temporary-suspension-of-service-in-the-city-of-edmonton/,,,
UberX,Anchorage,Anchorage,AK,,18-Sep-14,6-Mar-15,,,https://newsroom.uber.com/us-alaska/uber-to-launch-in-anchorage-with-free-rides/,http://www.huffingtonpost.com/2015/03/06/uber-anchorage-oregon-lawsuit_n_6820966.html,,,
UberX,Auburn,Auburn,AL,,28-Aug-14,15-Jan-15,,,https://newsroom.uber.com/uber-is-in-session/,http://www.al.com/news/index.ssf/2015/01/uber_leaves_auburn_because_of.html,,," Auburn, ALês URL was for Montgomery, which causes issues matching the Internet Archive data to the hand collected data"
UberX,Birmingham,Birmingham,AL,,28-Dec-15,,,,https://newsroom.uber.com/us-alabama/birmingham-your-uber-is-arriving-now/,,,,
UberX,Huntsville,Huntsville AL,AL,,4-Mar-16,,,,http://whnt.com/2016/03/03/uber-huntsville-launches-friday-at-4-p-m/,,,,
UberX,Mobile,Mobile,AL,,11-Jun-15,,,,https://newsroom.uber.com/us-alabama/algulfcoast/,,,,
UberX,Montgomery,Montgomery,AL,,4-Feb-16,,,,http://www.wsfa.com/story/31146688/uber-drivers-launch-service-in-montgomery,,,,
UberX,Tuscaloosa,Tuscaloosa,AL,,28-Aug-14,8-Oct-14,,,https://newsroom.uber.com/uber-is-in-session/,http://www.al.com/news/tuscaloosa/index.ssf/2014/10/tuscaloosa_gives_uber_ultimatu.html,http://www.tuscaloosanews.com/article/20141021/NEWS/141029923/0/search,,
UberX,Fayetteville,Fayetteville,AR,,28-Aug-14,,,,https://newsroom.uber.com/uber-is-in-session/,,,,
UberX,Little Rock,Little Rock,AR,,6-Nov-14,,,,https://newsroom.uber.com/us-arkansas/little-rock-your-uber-is-arriving-now/,,,,
UberX,Flagstaff,Flagstaff,AZ,,18-Sep-14,,,,https://newsroom.uber.com/us-arizona/uber-launches-flagstaff-with-free-rides/,,,,
UberBlack,Phoenix,Phoenix,AZ,,14-Nov-12,,,,http://aztechbeat.com/2012/11/uber-launches-its-on-demand-driving-service-publicly-in-phoenix/,,,,
UberX,Phoenix,Phoenix,AZ,,5-Sep-13,,,,https://newsroom.uber.com/us-arizona/summer-is-out-uberx-is-in-with-free-rides/,,,,
UberX,Tucson,Tucson,AZ,,10-Oct-13,,,,https://newsroom.uber.com/us-arizona/home-town-heroes-calexico-welcome-uber-to-tucson/,,,,
UberX,Yuma,Yuma,AZ,,12-Jun-15,,,,https://newsroom.uber.com/us-arizona/yuma-launch/,,,,
UberX,Bakersfield,Bakersfield,CA,,13-Jun-14,,,,https://newsroom.uber.com/us-california/bakersfield-your-uber-is-arriving-now/,,,,
UberX,Fresno,Fresno,CA,,5-Feb-14,,,,https://newsroom.uber.com/us-california/49685-2/,,,,
UberX,Visalia,Fresno,CA,,1-Dec-14,,,,http://www.visaliatimesdelta.com/story/news/local/2014/12/12/rideshare-company-arrives-visalia/20291083/,,,,
UberX,Riverside,Inland Empire,CA,,29-May-14,,,,https://newsroom.uber.com/us-california/ie-your-uber-has-arrived-and-its-free/,,,,
UberX,San Bernardino,Inland Empire,CA,,29-May-14,,,,https://newsroom.uber.com/us-california/ie-your-uber-has-arrived-and-its-free/,,,,
UberX,Temecula,Inland Empire,CA,,29-May-14,,,,https://newsroom.uber.com/us-california/ie-your-uber-has-arrived-and-its-free/,,,,
UberBlack,Los Angeles,Los Angeles,CA,,8-Mar-12,,,,https://newsroom.uber.com/us-california/uber-la-officially-launched/,,,,
UberX,Los Angeles,Los Angeles,CA,,14-Mar-13,,,,https://twitter.com/Uber_LA/status/312402258543382529,This is also consistent with the Internet Archive,,,
UberX,Modesto,Modesto,CA,,2-Apr-14,,,,https://newsroom.uber.com/us-california/modesto-were-moving-in/,,,,
UberBlack,,Orange County,CA,,?,?,,,,,,,
UberX,,Orange County,CA,,13-Sep-13,,,,https://newsroom.uber.com/us-california/orange-county-uberx-rider-zero-tamra-and-eddie-judge/,,,,
UberBlack,Palm Springs,Palm Springs,CA,,3-Apr-14,,,,https://newsroom.uber.com/us-california/were-arriving-in-the-desert-for-festival-season/,,,,
UberX,Palm Springs,Palm Springs,CA,,3-Apr-14,,,,https://newsroom.uber.com/us-california/were-arriving-in-the-desert-for-festival-season/,,,,
UberX,Chico,Sacramento,CA,,8-Oct-15,,,,https://newsroom.uber.com/us-california/chico-your-uberx-has-arrived/,,,,
UberBlack,Sacramento,Sacramento,CA,,14-Feb-13,,,,https://newsroom.uber.com/us-california/uber-and-sacramento-a-romance-for-the-ages/,,,,
UberX,Sacramento,Sacramento,CA,,30-Sep-13,,,,http://www.bizjournals.com/sacramento/news/2013/09/30/uber-now-offering-ridesharing-service.html,,,,
UberBlack,San Diego,San Diego,CA,,8-Jun-12,,,,https://newsroom.uber.com/us-california/san-diego-launch/,,,,
UberX,San Diego,San Diego,CA,,9-May-13,,,,https://newsroom.uber.com/us-california/uberxsd/,,,,
UberBlack,San Francisco,San Francisco,CA,21-Mar-10,21-May-10,,,,http://uberestimate.com/timeline/?p=5,http://uberestimate.com/timeline/?p=13,,,
UberX,San Francisco,San Francisco,CA,3-Jul-12,18-Jan-13,,,,https://newsroom.uber.com/us-california/sf-vehicle-choice/,https://newsroom.uber.com/us-california/same-class-less-cash-uber-sf-lowers-prices-2/,,,
UberBlack,San Jose,San Francisco,CA,,13-Feb-12,,,,https://twitter.com/Uber_SF/status/169151902259478528,https://twitter.com/rjweeks70/status/267029603107864577,,,
UberX,San Jose,San Francisco,CA,,24-Jul-13,,,,http://www.mercurynews.com/ci_23722350/uberx-launches-silicon-valley,https://twitter.com/LindseyPeters_/status/360416838422769665,https://twitter.com/Uber_SV/status/360092217924276224,,
UberX,Monterey Bay,San Francisco Bay Area,CA,,4-Feb-14,,,,https://newsroom.uber.com/us-california/monterey-bay-and-santa-cruz-expansion/,,,,
UberX,Santa Cruz,San Francisco Bay Area,CA,,4-Feb-14,,,,https://newsroom.uber.com/us-california/monterey-bay-and-santa-cruz-expansion/,,,,
UberX,Santa Rosa,San Francisco Bay Area,CA,,12-May-14,,,,https://newsroom.uber.com/us-california/uber-napa-a-perfect-pair-3/,,,,
UberX,San Luis Obispo,San Luis Obispo,CA,,17-Jul-14,,,,https://newsroom.uber.com/us-california/san-luis-obispo-and-ventura-county-your-uber-has-arrived-2/,,,,
UberX,Santa Barbara,Santa Barbara,CA,,31-Oct-13,,,,https://newsroom.uber.com/us-california/uber-has-offically-launched-in-santa-barbara/,,,,
UberX,Oxnard,Ventura,CA,,17-Jul-14,,,,https://newsroom.uber.com/us-california/san-luis-obispo-and-ventura-county-your-uber-has-arrived-2/,,,,
UberX,Simi Valley,Ventura,CA,,17-Jul-14,,,,https://newsroom.uber.com/us-california/san-luis-obispo-and-ventura-county-your-uber-has-arrived-2/,,,,
UberX,Thousand Oaks,Ventura,CA,,17-Jul-14,,,,https://newsroom.uber.com/us-california/san-luis-obispo-and-ventura-county-your-uber-has-arrived-2/,,,,
UberX,Boulder,Denver,CO,,27-Aug-14,,,,https://newsroom.uber.com/us-colorado/uber-colorado-expands-to-fort-collins-boulder-with-uberx-free-weekend/,,,,
UberX,Colorado Springs,Denver,CO,,2-May-14,,,,https://newsroom.uber.com/us-colorado/uber-launches-in-colorado-springs-with-free-rides-for-2-weeks/,,,,
UberBlack,Denver,Denver,CO,,7-Sep-12,,,,https://newsroom.uber.com/us-colorado/denver-launch-sky-high-in-the-mile-high-city/,,,,
UberX,Denver,Denver,CO,,4-Oct-13,,,,https://newsroom.uber.com/us-colorado/denver-meet-uberx/,,,,
UberX,Fort Collins,Denver,CO,,27-Aug-14,,,,https://newsroom.uber.com/us-colorado/uber-colorado-expands-to-fort-collins-boulder-with-uberx-free-weekend/,,,,
UberBlack,Hartford,Connecticut,CT,,22-Jul-14,,,,https://twitter.com/Uber_CONN/status/491674746111528960?lang=en,,,,
UberX,Hartford,Connecticut,CT,,22-Jul-14,,,,https://twitter.com/Uber_CONN/status/491674746111528960?lang=en,,,,
UberBlack,New Haven,Connecticut,CT,,24-Apr-14,,,,https://newsroom.uber.com/us-connecticut/uber-connecticut-launches-with-free-rides-for-3-weeks/,,,,
UberX,New Haven,Connecticut,CT,,24-Apr-14,,,,https://newsroom.uber.com/us-connecticut/uber-connecticut-launches-with-free-rides-for-3-weeks/,,,,
UberBlack,Washington,Washington,DC,,15-Dec-11,,,,https://newsroom.uber.com/us-dc/uber-and-dc-opposites-attract/,,,,
UberX,Washington,Washington,DC,,8-Aug-13,,,,https://newsroom.uber.com/us-dc/dc-uberx-is-arriving-now/,,,,
UberX ,Dover,Delaware,DE,,31-Jul-15,,,,https://newsroom.uber.com/us-delaware/doverlaunch/,,,,
UberX,Wilmington,Delaware,DE,,11-Jun-15,,,,https://newsroom.uber.com/us-delaware/uber-delaware-2015-launch/,https://twitter.com/Uber_Delaware/status/609099898584244225,,,
UberX,Daytona Beach,Central Atlantic Coast,FL,,4-Dec-14,,,,https://newsroom.uber.com/us-florida/uber-florida-is-expanding-across-the-sunshine-state-3/,,,,
UberX,Deltona,Central Atlantic Coast,FL,,4-Dec-14,,,,https://newsroom.uber.com/us-florida/uber-florida-is-expanding-across-the-sunshine-state-3/,,,,
UberX,Palm Bay,Central Atlantic Coast,FL,,4-Dec-14,,,,http://uberpeople.net/threads/uber-palm-bay-launches-tomorrow-dec-4-went-to-the-onboarding-in-titusville.8275/,,,,
UberX,Port St. Lucie,Central Atlantic Coast,FL,,4-Dec-14,,,,https://newsroom.uber.com/us-florida/uber-florida-is-expanding-across-the-sunshine-state-3/,,,,
UberX,Florida Keys,Florida Keys,FL,,4-Dec-14,,,,http://www.miaminewtimes.com/news/uber-launches-in-keys-southwest-florida-now-servicing-82-percent-of-floridians-6559951,,,,
UberX,Cape Coral,Fort Myers-Naples,FL,,4-Dec-14,,,,https://newsroom.uber.com/us-florida/uber-florida-is-expanding-across-the-sunshine-state-3/,,,,
UberX,Fort Myers,Fort Myers-Naples,FL,,4-Dec-14,,,,https://newsroom.uber.com/us-florida/uber-florida-is-expanding-across-the-sunshine-state-3/,,,,
UberX,Naples,Fort Myers-Naples,FL,,4-Dec-14,,,,https://newsroom.uber.com/us-florida/uber-florida-is-expanding-across-the-sunshine-state-3/,,,,
UberX,Gainesville,Gainesville,FL,,28-Aug-14,,,,http://www.wcjb.com/local-news/2014/08/uber-officially-gainesville,,,,
UberBlack,Jacksonville,Jacksonville,FL,,1-Nov-13,,,,https://newsroom.uber.com/us-florida/safety-over-politics-free-rides-in-jacksonville-with-uber-6/,https://twitter.com/jasonaltmire/status/400708172954226689,http://us1.campaign-archive2.com/?u=8d2fd6968b2b5c64d0d22dba2&id=6e5dbabf09&e=4484f098d0,,
UberBlack,Jacksonville,Jacksonville,FL,1-Nov-13,,,,,https://newsroom.uber.com/us-florida/safety-over-politics-free-rides-in-jacksonville-with-uber-6/,https://twitter.com/jasonaltmire/status/400708172954226689,http://us1.campaign-archive2.com/?u=8d2fd6968b2b5c64d0d22dba2&id=6e5dbabf09&e=4484f098d0,,
UberX,Jacksonville,Jacksonville,FL,,5-May-14,,,,https://newsroom.uber.com/us-florida/jacksonville-your-two-weeks-of-free-uberx-is-arriving-now/,,,,
UberX,Miami,Miami,FL,,4-Jun-14,,,,https://newsroom.uber.com/us-florida/hola-miami/,,,,
UberX,Ocala,Ocala,FL,,4-Dec-14,,,,https://newsroom.uber.com/us-florida/uber-florida-is-expanding-across-the-sunshine-state-3/,,,,
UberX,Lakeland,Orlando,FL,,4-Dec-14,,,,https://newsroom.uber.com/us-florida/uber-florida-is-expanding-across-the-sunshine-state-3/,,,,
UberBlack,Orlando,Orlando,FL,,18-Nov-15,,,,https://newsroom.uber.com/us-florida/uberblack-now-available-at-mco/,,,,
UberSelect,Orlando,Orlando,FL,,29-Apr-15,,,,https://newsroom.uber.com/us-florida/introducing-uberselect-orlando/,,,,
UberX,Orlando,Orlando,FL,,4-Jun-14,,,,https://newsroom.uber.com/us-florida/orlando-your-uber-is-arriving-now/,,,,Only for airport pickups
UberX,Panama City,Panama City,FL,,10-Mar-17,,,,https://newsroom.uber.com/us-florida/uber-panama-city-return/,,,,
UberX,Pensacola,Pensacola,FL,,4-Dec-14,,,,https://newsroom.uber.com/us-florida/uber-florida-is-expanding-across-the-sunshine-state-3/,,,,
UberX,Bradenton,Sarasota,FL,,4-Dec-14,,,,https://newsroom.uber.com/us-florida/uber-florida-is-expanding-across-the-sunshine-state-3/,,,,
UberX,North Port,Sarasota,FL,,4-Dec-14,,,,https://newsroom.uber.com/us-florida/uber-florida-is-expanding-across-the-sunshine-state-3/,,,,See first link for a long list of cities
UberX,Sarasota,Sarasota,FL,,4-Dec-14,,,,https://newsroom.uber.com/us-florida/uber-florida-is-expanding-across-the-sunshine-state-3/,,,,
UberX,Tallahassee,Tallahassee,FL,,28-Aug-14,,,,http://www.wctv.tv/home/headlines/Transportation-Service-Uber-Comes-to-Tallahassee-273057221.html,,,,
UberX,Tampa,Tampa,FL,,11-Apr-14,,,,https://twitter.com/uber_tampa,,,,
UberX,Athens,Athens,GA,,28-Aug-14,,,,https://newsroom.uber.com/uber-is-in-session/,,,,
UberBlack,Atlanta,Atlanta,GA,,24-Aug-12,,,,https://newsroom.uber.com/us-georgia/uber-atlanta-launches-spottieottiedopaliscious/,,,,
UberX,Atlanta,Atlanta,GA,,26-Jun-13,,,,https://newsroom.uber.com/us-georgia/introducing-uberx-better-than-a-taxi-for-the-same-price/,,,,
UberX,Columbus,Atlanta,GA,,20-Sep-16,,,,http://www.wtvm.com/story/33141879/uber-launches-in-columbus,,,,
UberX,Macon-Bibb,Atlanta,GA,,10-May-16,,,,https://newsroom.uber.com/us-georgia/uber-is-rolling-into-macon/,,,,
UberX,Warner Robins,Atlanta,GA,,10-May-16,,,,https://newsroom.uber.com/us-georgia/uber-is-rolling-into-macon/,,,,
UberX,Augusta,Augusta,GA,,6-Apr-15,,,,https://newsroom.uber.com/us-georgia/uber-just-rolled-into-augusta/,,,,
UberX,,Georgia Coast,GA,,6-Nov-15,,,,https://twitter.com/juliebrazell/status/662694220914958336,,,,
UberX,Savannah,Savannah-Hilton Head,GA,,8-May-15,,,,https://newsroom.uber.com/us-georgia/uber-just-rolled-into-savannah/,,,,
UberBlack,Honolulu,Honolulu,HI,,16-Aug-13,20-Nov-15,,,https://newsroom.uber.com/us-hawaii/uber-launches-in-honolulu-with-a-splash/,,,,UberBlack disapears from the city page when UberSelect arrives
UberSelect,Honolulu,Honolulu,HI,,20-Nov-15,,,,https://newsroom.uber.com/us-hawaii/a-step-above-the-everyday/,,,,
UberX,Honolulu,Honolulu,HI,,12-Jun-14,,,,https://newsroom.uber.com/us-hawaii/welcome-uberx-to-the-ohana/,,,,
UberBlack,Kahului,Maui,HI,,18-Dec-14,15-May-15,,,https://newsroom.uber.com/us-hawaii/say-aloha-to-uber-on-maui/,,,,
UberSelect,Kahului,Maui,HI,,15-May-15,,,,https://newsroom.uber.com/us-hawaii/introducing-uberselect-on-maui/,,,,
UberX,Kahului,Maui,HI,,18-Dec-14,,,,https://newsroom.uber.com/us-hawaii/say-aloha-to-uber-on-maui/,,,,
UberX,Ames,Ames,IA,,3-Aug-15,,,,https://newsroom.uber.com/us-iowa/ames_launch/,,,,
UberX,Cedar Rapids,Cedar Rapids,IA,,4-Dec-14,,,,https://newsroom.uber.com/us-iowa/uber-launching-in-cedar-rapids-with-free-rides/,,,,
UberX,Des Moines,Des Moines,IA,,12-Sep-14,,,,https://newsroom.uber.com/uber-launching-des-moines-with-free-rides-for-a-week/,,,,
UberX,Iowa City,Iowa City,IA,,28-Apr-16,,,,https://newsroom.uber.com/us-iowa/ic-launch/,,,,
UberX,Bettendorf,Quad Cities,IA,,21-Jul-15,,,,https://newsroom.uber.com/us-iowa/quad_cities_launch/,,,,
UberX,Davenport,Quad Cities,IA,,21-Jul-15,,,,https://newsroom.uber.com/us-iowa/quad_cities_launch/,,,,
UberX,East Moline,Quad Cities,IA,,21-Jul-15,,,,https://newsroom.uber.com/us-iowa/quad_cities_launch/,,,,
UberX,Moline,Quad Cities,IA,,21-Jul-15,,,,https://newsroom.uber.com/us-iowa/quad_cities_launch/,,,,
UberX,Rock Island,Quad Cities,IA,,21-Jul-15,,,,https://newsroom.uber.com/us-iowa/quad_cities_launch/,,,,
UberX,Boise,Boise,ID,,2-Oct-14,,,,https://newsroom.uber.com/us-idaho/uber-launches-in-boise-with-free-rides/,,,,
UberX,Coeur d'Alene,Coeur d'Alene,ID,,4-Jun-15,,,,https://newsroom.uber.com/us-idaho/uber-is-expanding-across-the-gem-state/,,,,
UberX,Coeur d'Alene,Coeur d'Alene,ID,,4-Jun-15,,,,https://newsroom.uber.com/us-idaho/uber-is-expanding-across-the-gem-state/,,,,
UberX,Idaho Falls,Eastern Idaho,ID,,4-Jun-15,,,,https://newsroom.uber.com/us-idaho/uber-is-expanding-across-the-gem-state/,,,,
UberX,Pocatello,Eastern Idaho,ID,,4-Jun-15,,,,https://newsroom.uber.com/us-idaho/uber-is-expanding-across-the-gem-state/,,,,
UberX,Twin Falls,Eastern Idaho,ID,,4-Jun-15,,,,https://newsroom.uber.com/us-idaho/uber-is-expanding-across-the-gem-state/,,,,
UberX,Champaign,Champaign,IL,,15-Feb-15,,,,https://newsroom.uber.com/us-illinois/uber-is-rolling-into-champaign-urbana/,,,,
UberX,Aurora,Chicago,IL,,14-Feb-15,,,,https://newsroom.uber.com/us-illinois/uber-expands-across-the-land-of-lincoln/,,,,
UberBlack,Chicago,Chicago,IL,,22-Sep-11,,,,https://newsroom.uber.com/us-illinois/chicago-ubers-biggest-launch-to-date/,,,,
UberX,Chicago,Chicago,IL,,22-Apr-13,,,,https://newsroom.uber.com/us-illinois/chicagouberx/,,,,
UberX,Bloomington,Peoria & Bloomington-Normal,IL,,15-Feb-15,,,,https://newsroom.uber.com/us-illinois/uber-is-arriving-now-in-bloomington-normal/,,,,
UberX,Normal,Peoria & Bloomington-Normal,IL,,15-Feb-15,,,,https://newsroom.uber.com/us-illinois/uber-is-arriving-now-in-bloomington-normal/,,,,
UberX,Peoria,Peoria & Bloomington-Normal,IL,,24-Nov-15,,,,https://newsroom.uber.com/us-illinois/peoria/,,,,
UberX,Rockford,Rockford,IL,,15-Feb-15,,,,https://newsroom.uber.com/us-illinois/uber-is-expanding-into-rockford/,,,,
UberX,Springfield,Springfield,IL,,9-Jan-15,,,,https://newsroom.uber.com/us-illinois/springfield-you-uber-is-arriving-now/,,,,
UberX,Evansville,Evansville,IN,,25-Jan-17,,,,http://www.courierpress.com/story/news/local/2017/01/25/uber-kicks-off-evansville/97009642/,,,,
UberX,Fort Wayne,Fort Wayne,IN,,7-May-15,,,,https://newsroom.uber.com/us-indiana/indiana-launching-cities-fueling-innovation/,,,,
UberX,Bloomington,Indianapolis,IN,,28-Aug-14,,,,https://newsroom.uber.com/uber-is-in-session/,,,,
UberBlack,Indianapolis,Indianapolis,IN,,24-Jun-13,6-Aug-15,,,https://newsroom.uber.com/us-indiana/hi-indianapolis-your-uber-is-arriving-now/,,,,
UberLUX,Indianapolis,Indianapolis,IN,,6-Aug-15,,,,https://newsroom.uber.com/us-indiana/introducing-uberlux/,,,,
UberX,Indianapolis,Indianapolis,IN,,5-Sep-13,,,,https://newsroom.uber.com/us-indiana/indy-launches-free-uberx-month-w-rider-zero-paul-george/,,,,
UberX,Lafayette,Indianapolis,IN,,28-Aug-14,,,,https://newsroom.uber.com/uber-is-in-session/,http://www.jconline.com/story/money/business/2014/08/28/uber-launches-in-greater-lafayette-area/14727187/,,,
UberX,West Lafayette,Indianapolis,IN,,28-Aug-14,,,,https://newsroom.uber.com/uber-is-in-session/,,,,
UberX,,NW Indiana,IN,,7-May-15,,,,https://newsroom.uber.com/us-indiana/indiana-launching-cities-fueling-innovation/,,,,
UberX,South Bend,South Bend,IN,,28-Aug-14,,,,https://newsroom.uber.com/uber-is-in-session/,,,,
UberX,Terre Haute,Terre Haute,IN,,28-Feb-17,,,,https://newsroom.uber.com/us-indiana/terre-haute/,,,,
UberX,Kansas City,Kansas City,KS,,9-May-14,5-May-15,22-May-15,,https://newsroom.uber.com/us-missouri/kc-your-uber-has-arrived-and-its-free/,https://newsroom.uber.com/us-kansas/leaving-kansas-2/,https://newsroom.uber.com/us-kansas/were-back-kansas/,,
UberX,Leavenworth,Kansas City,KS,,23-Apr-15,5-May-15,22-May-15,,https://newsroom.uber.com/us-kansas/uber-is-expanding-across-kansas/,https://newsroom.uber.com/us-kansas/leaving-kansas-2/,https://newsroom.uber.com/us-kansas/were-back-kansas/,,
UberX,Lawrence,Lawrence,KS,,23-Apr-15,5-May-15,22-May-15,,https://newsroom.uber.com/us-kansas/uber-is-expanding-across-kansas/,https://newsroom.uber.com/us-kansas/leaving-kansas-2/,https://newsroom.uber.com/us-kansas/were-back-kansas/,,
UberX,Manhattan,Manhattan,KS,,23-Apr-15,5-May-15,22-May-15,,https://newsroom.uber.com/us-kansas/uber-is-expanding-across-kansas/,https://newsroom.uber.com/us-kansas/leaving-kansas-2/,https://newsroom.uber.com/us-kansas/were-back-kansas/,,
UberX,Topeka,Topeka,KS,,23-Apr-15,5-May-15,22-May-15,,https://newsroom.uber.com/us-kansas/uber-is-expanding-across-kansas/,https://newsroom.uber.com/us-kansas/leaving-kansas-2/,https://newsroom.uber.com/us-kansas/were-back-kansas/,,
UberX,Wichita,Wichita,KS,,28-Aug-14,5-May-15,22-May-15,,https://newsroom.uber.com/uber-is-in-session/,https://newsroom.uber.com/us-kansas/leaving-kansas-2/,https://newsroom.uber.com/us-kansas/were-back-kansas/,,
UberX,Bowling Green,Bowling Green,KY,,27-Aug-15,,,,https://newsroom.uber.com/us-kentucky/bowling-green-your-uber-is-arriving-now/,,,,
UberX,Lexington,Lexington,KY,,13-Jun-14,,,,https://newsroom.uber.com/us-kentucky/uber-lexington-launches-with-free-rides-for-2-weeks/,,,,
UberX,Louisville,Louisville,KY,,24-Apr-14,,,,https://newsroom.uber.com/us-kentucky/louisville-your-uber-is-arriving-now-2/,,,,
UberX,Baton Rouge,Baton Rouge,LA,,11-Jul-14,,,,https://newsroom.uber.com/us-louisiana/baton-rouge-your-uber-is-arriving-now/,,,,
UberX,Lafayette,Lafayette,LA,,30-Jan-15,,,,https://newsroom.uber.com/us-louisiana/geaux-lafayette-your-uber-is-arriving-now/,,,,
UberBlack,New Orleans,New Orleans,LA,,19-Sep-14,,,,https://newsroom.uber.com/us-louisiana/uber-makes-a-jazzy-entrance-into-new-orleans-2/,,,,
UberX,New Orleans,New Orleans,LA,,16-Apr-15,,,,https://newsroom.uber.com/us-louisiana/uberx-and-uberxl-launch-in-new-orleans-2/,,,,
UberBlack,Boston,Boston,MA,5-Oct-11,20-Oct-11,,,,https://twitter.com/Uber_BOS/status/121580257299009538,https://twitter.com/Uber_BOS/status/126873802134138880,https://newsroom.uber.com/us-massachusetts/uber-bahsstuhn-is-live/,http://archive.boston.com/business/technology/innoeco/2011/10/test-riding_uber_the_populist.html,
UberX,Boston,Boston,MA,1-Feb-13,4-Jun-13,,,,https://newsroom.uber.com/us-massachusetts/bosfreeuberxweek/,,,,
UberX,Springfield,Western MA,MA,,24-Apr-15,,,,https://newsroom.uber.com/us-massachusetts/uberx-just-rolled-into-springfield/,,,,
UberBlack,Worcester,Worcester,MA,,6-Oct-14,?,,,http://www.masslive.com/news/worcester/index.ssf/2014/10/uber_expands_to_worcester.html,https://web.archive.org/web/20150905233047/https://www.uber.com/cities/worcester,,,Sometime after 4-Sept-2015
UberX,Worcester,Worcester,MA,,6-Oct-14,,,,https://newsroom.uber.com/us-massachusetts/worcester-your-free-week-of-uber-is-arriving-now/,"Based on the Internet Archive, was between Oct 6th and 10th",http://www.masslive.com/news/worcester/index.ssf/2014/10/uber_expands_to_worcester.html,,
UberBlack,Baltimore,Baltimore,MD,,2-Feb-13,,,,https://newsroom.uber.com/us-maryland/uber-loves-baltimore-were-ready-to-get-serious/,,,,
UberX,Baltimore,Baltimore,MD,22-Oct-13,6-Nov-13,,,,https://newsroom.uber.com/us-maryland/baltimore-your-uberx-is-arriving-now/,https://twitter.com/search?q=uberx%20from%3Auber_maryland%20since%3A2013-10-13%20until%3A2013-12-03&src=typd,,,
UberBlack,Annapolis,Greater Maryland,MD,,21-May-14,,,,https://newsroom.uber.com/us-maryland/annapolis-your-uber-is-arriving-now/,,,,
UberX,Annapolis,Greater Maryland,MD,,21-May-14,,,,https://newsroom.uber.com/us-maryland/annapolis-your-uber-is-arriving-now/,,,,
UberX,Bangor,Greater Maine,ME,,23-Mar-16,,,,https://newsroom.uber.com/us-maine/uberexpands-acrossmaine/,,,,
UberX,Portland,Portland,ME,,2-Oct-14,,,,https://newsroom.uber.com/us-maine/portland-your-uber-is-arriving-now/,,,,
UberBlack,Ann Arbor,Ann Arbor,MI,,22-Apr-14,9-Feb-15,,,https://newsroom.uber.com/us-michigan/uber-ann-arbor-launches-its-free-for-two-weeks/,https://web.archive.org/web/20150720175358/https://www.uber.com/cities/ann-arbor,"UberBlack disapears from https://www.uber.com/cities/ann-arbor sometime between Nov 2014 and July 2015, when UberSelect appears. I am guessing that UberSelect replaced UberBlack.",,
UberSelect,Ann Arbor,Ann Arbor,MI,,9-Feb-15,,,,https://newsroom.uber.com/us-michigan/introducing-select-4/,,,,
UberX,Ann Arbor,Ann Arbor,MI,,22-Apr-14,,,,https://newsroom.uber.com/us-michigan/uber-ann-arbor-launches-its-free-for-two-weeks/,,,,
UberX,Jackson,Ann Arbor,MI,,1-Mar-17,,,,https://newsroom.uber.com/us-michigan/jackson-launch/,,,,
UberBlack,Detroit,Detroit,MI,,28-Mar-13,,,,https://newsroom.uber.com/us-michigan/uber-motor-city-its-on/,,,,
UberX,Detroit,Detroit,MI,,31-Oct-13,,,,https://newsroom.uber.com/us-michigan/uber-detroit-launches-low-cost-uberx-with-a-free-month-rider-zero-kyle-singler/,,,,
UberX,Flint,Flint,MI,,24-Jul-14,,,,https://newsroom.uber.com/uber-rolls-into-four-more-michigan-cities-with-free-rides-for-two-weeks/,,,,
UberX,Grand Rapids,Grand Rapids,MI,,24-Jul-14,,,,https://newsroom.uber.com/uber-rolls-into-four-more-michigan-cities-with-free-rides-for-two-weeks/,,,,
UberX,Kalamazoo,Kalamazoo,MI,,24-Jul-14,,,,https://newsroom.uber.com/uber-rolls-into-four-more-michigan-cities-with-free-rides-for-two-weeks/,,,,
UberX,Lansing,Lansing,MI,,24-Jul-14,,,,https://newsroom.uber.com/uber-rolls-into-four-more-michigan-cities-with-free-rides-for-two-weeks/,,,,
UberX,Saginaw,Tri-Cities,MI,,2-Mar-17,,,,https://newsroom.uber.com/us-michigan/uber-tri-cities/,,,,
UberX,Mankato,Mankato,MN,,2-Mar-17,,,,https://newsroom.uber.com/us-minnesota/uber-launches-rochester-st-cloud-mankato/,,,,
UberBlack,Minneapolis,Minneapolis/St. Paul,MN,,25-Oct-12,,,,https://newsroom.uber.com/us-minnesota/double-trouble-uber-takes-over-the-twin-cities/,,,,
UberX,Minneapolis,Minneapolis/St. Paul,MN,,4-Sep-13,,,,https://newsroom.uber.com/us-minnesota/uberx-msp-double-the-fun-with-rider-zeroes-harrison-smith-toby-gerhart/,,,,
UberBlack,St. Paul,Minneapolis/St. Paul,MN,,25-Oct-12,,,,https://newsroom.uber.com/us-minnesota/double-trouble-uber-takes-over-the-twin-cities/,,,,
UberX,St. Paul,Minneapolis/St. Paul,MN,,4-Sep-13,,,,https://newsroom.uber.com/us-minnesota/uberx-msp-double-the-fun-with-rider-zeroes-harrison-smith-toby-gerhart/,,,,
UberX,Rochester,Rochester,MN,,2-Mar-17,,,,https://newsroom.uber.com/us-minnesota/uber-launches-rochester-st-cloud-mankato/,,,,
UberX,St Cloud,St Cloud,MN,,2-Mar-17,,,,https://newsroom.uber.com/us-minnesota/uber-launches-rochester-st-cloud-mankato/,,,,
UberX,Columbia,Columbia,MO,,9-Oct-14,,,,https://newsroom.uber.com/uber-launching-columbia-with-free-rides/,,,,
UberX,Kansas City,Kansas City,MO,,9-May-14,,,,https://newsroom.uber.com/us-missouri/kc-your-uber-has-arrived-and-its-free/,,,,
UberX,Springfield,Springfield Mo,MO,,17-Nov-16,,,,https://newsroom.uber.com/us-missouri/springfield/,,,,
UberBlack,St. Louis,St. Louis,MO,,9-Oct-14,,,,https://newsroom.uber.com/us-missouri/st-louis-your-uber-is-arriving-now/,,,,
UberX,St. Louis,St. Louis,MO,,18-Sep-15,,,,https://newsroom.uber.com/us-missouri/uberxlaunch/,,,,
UberX,Biloxi,Gulfport-Biloxi,MS,,1-Jul-16,,,,https://newsroom.uber.com/us-mississippi/expanding-uber-coverage-to-gulfport-biloxi-hattiesburg-oxford/,,,,
UberX,Gulfport,Gulfport-Biloxi,MS,,1-Jul-16,,,,https://newsroom.uber.com/us-mississippi/expanding-uber-coverage-to-gulfport-biloxi-hattiesburg-oxford/,,,,
UberX,Jackson,Jackson,MS,,11-Dec-14,,,,https://newsroom.uber.com/jackson-your-uberx-is-arriving-now/,,,,
UberX,Oxford,Oxford,MS,,28-Aug-14,,,,https://newsroom.uber.com/uber-is-in-session/,,,,
UberX,Billings,Billings,MT,,5-Aug-16,,,,http://www.ktvq.com/story/32701466/uber-launches-first-billings-ride,,,,
UberX,Bozeman,Bozeman,MT,,4-Aug-16,,,,http://www.bozemandailychronicle.com/news/economy/uber-launches-bozeman-service/article_80314c49-1377-58e4-bc3f-111967e41def.html,,,,
UberX,Butte,Bozeman,MT,,3-Aug-16,,,,https://twitter.com/Uber_MT/status/760152612687736833,,,,
UberX,Great Falls,Bozeman,MT,,2-Aug-16,,,,https://twitter.com/Uber_MT/status/760152612687736833,,,,
UberX,Helena,Bozeman,MT,,3-Aug-16,,,,https://twitter.com/Uber_MT/status/760152612687736833,,,,
UberX,Missoula,Missoula,MT,,1-Aug-16,,,,http://missoulian.com/news/local/ride-sharing-app-uber-launches-statewide-with-celebration-in-missoula/article_a5f0cf03-32ba-531f-95e4-0c91d2268ac5.html,,,,
UberX,Asheville,Asheville,NC,,21-Aug-14,,,,https://newsroom.uber.com/us-north-carolina/asheville-your-uberx-is-arriving-now/,,,,
UberBlack,Charlotte,Charlotte,NC,,27-Sep-13,,,,https://newsroom.uber.com/us-north-carolina/uber-gets-a-royal-welcome-back-to-the-queen-city/,,,,
UberX,Charlotte,Charlotte,NC,,27-Sep-13,,,,https://newsroom.uber.com/us-north-carolina/uber-gets-a-royal-welcome-back-to-the-queen-city/,,,,
UberX,Fayetteville,Fayetteville,NC,,26-Jun-14,,,,https://newsroom.uber.com/us-north-carolina/uber-rolls-into-six-more-north-carolina-cities/,,,,
UberX,,Outer Banks,NC,,22-May-15,,,,http://wraltechwire.com/uber-expanding-ride-sharing-to-carolina-s-coast-/14660562/,,,,
UberX,Greensboro,Piedmont Triad,NC,,26-Jun-14,,,,https://newsroom.uber.com/us-north-carolina/uber-rolls-into-six-more-north-carolina-cities/,,,,
UberX,Winston-Salem,Piedmont Triad,NC,,26-Jun-14,,,,https://newsroom.uber.com/us-north-carolina/uber-rolls-into-six-more-north-carolina-cities/,,,,
UberX,Chapel Hill,Raleigh-Durham,NC,,26-Jun-14,,,,https://newsroom.uber.com/us-north-carolina/uber-rolls-into-six-more-north-carolina-cities/,,,,
UberX,Durham,Raleigh-Durham,NC,,26-Jun-14,,,,https://newsroom.uber.com/us-north-carolina/uber-rolls-into-six-more-north-carolina-cities/,,,,
UberX,Raleigh,Raleigh-Durham,NC,,26-Apr-14,,,,https://newsroom.uber.com/us-north-carolina/raleigh-your-free-uberx-is-arriving-now/,,,,
UberX,Wilmington,Wilmington,NC,,26-Jun-14,,,,https://newsroom.uber.com/us-north-carolina/uber-rolls-into-six-more-north-carolina-cities/,,,,
UberX,Fargo,Fargo,ND,,12-May-15,,,,https://newsroom.uber.com/us-north-dakota/fargo-fueling-innovation-in-north-dakota/,,,,
UberX,Lincoln,Lincoln,NE,,28-Aug-14,,,,https://newsroom.uber.com/uber-is-in-session/,,,,
UberX,Omaha,Omaha,NE,,5-May-14,,,,https://newsroom.uber.com/us-nebraska/omaha-your-uber-has-arrived/,,,,
UberX,Manchester,New Hampshire,NH,,17-Oct-14,,,,https://newsroom.uber.com/uk/manchester-your-uberx-is-arriving-now/,,,,
UberBlack,,New Jersey,NJ,,?,,,,https://web.archive.org/web/20140122053116/https:/www.uber.com/cities/new-jersey,,,,
UberX,,New Jersey,NJ,,13-Nov-13,,,,https://newsroom.uber.com/us-new-jersey/new-jersey-uberx-now-better-faster-and-cheaper-than-a-taxi/,https://twitter.com/Uber_NJ/status/400649213446332416,,,
UberBlack,,New Jersey Shore,NJ,23-May-14,27-Jun-14,,,,https://newsroom.uber.com/us-new-jersey/secret-ubershead-to-the-shore/,https://newsroom.uber.com/us-new-jersey/jersey-shore-your-safe-ride-is-arriving-now/,,,
UberX,,New Jersey Shore,NJ,,27-Jun-14,,,,https://newsroom.uber.com/us-new-jersey/jersey-shore-your-safe-ride-is-arriving-now/,,,,
UberX,Albuquerque,Albuquerque,NM,,30-Apr-14,,,,http://www.bizjournals.com/albuquerque/news/2014/04/30/uber-follows-lyft-to-albuquerque.html,,,,
UberX,Las Cruces,Las Cruces,NM,,18-Feb-15,,,,https://newsroom.uber.com/us-texas/las-cruces-your-uber-is-arriving-now/,,,,
UberX,Santa Fe,Santa Fe,NM,,19-Nov-14,,,,https://newsroom.uber.com/us-new-mexico/santa-fe-your-uber-is-arriving-now/,,,,
UberX,Taos,Taos,NM,,22-Dec-15,,,,https://newsroom.uber.com/us-new-mexico/taos-were-here/,,,,
UberBlack,Halifax,Halifax,NS,18-Jun-14,?,?,,,https://newsroom.uber.com/canada/en/secret-ubers-hit-the-streets-of-halifax-and-theyre-free/,http://www.cbc.ca/news/canada/nova-scotia/uber-fails-to-take-to-halifax-streets-1.3189233,,,"Exited before Dec 2015, never fully entered"
UberX,Las Vegas,Las Vegas,NV,,24-Oct-14,25-Nov-14,15-Sep-15,,https://newsroom.uber.com/us-nevada/las-vegas-uber-is-betting-on-you/,http://www.reviewjournal.com/news/nevada/nevada-judge-rules-against-ride-sharing-firm-uber,https://newsroom.uber.com/us-nevada/las-vegas-were-here/,,
UberX,Carson City,Reno,NV,,24-Oct-14,25-Nov-14,15-Sep-15,,http://www.reviewjournal.com/news/nevada/nevada-judge-rules-against-ride-sharing-firm-uber,http://www.reviewjournal.com/news/nevada/nevada-judge-rules-against-ride-sharing-firm-uber,http://www.rgj.com/story/money/business/2015/09/15/uber-officially-launches-nevada/72336666/,,
UberX,Reno,Reno,NV,,24-Oct-14,25-Nov-14,15-Sep-15,,https://newsroom.uber.com/us-nevada/uber-launches-in-the-biggest-little-city/,http://www.reviewjournal.com/news/nevada/nevada-judge-rules-against-ride-sharing-firm-uber,https://newsroom.uber.com/us-nevada/reno-were-here/,,
UberBlack,New York,New York City,NY,,3-May-11,,,,https://newsroom.uber.com/uber-nyc-launches-service/,,,,
UberX,New York,New York City,NY,3-Jul-12,24-Aug-12,,,,https://newsroom.uber.com/us-new-york/let-freedom-ride-in-nyc/,https://twitter.com/Uber_NYC/status/239113729655054337,,,
UberSUV,East Hampton,the Hamptons,NY,,1-Jul-13,2-Sep-13,,5-Jun-15,"http://www.pcmag.com/article2/0,2817,2421264,00.asp",http://www.cnbc.com/2015/06/12/uber-is-ordered-out-of-the-hamptons.html,,,
UberX,,the Hamptons,NY,,,,,,,,,,
UberX,Akron,Akron,OH,,28-Aug-14,,,,https://newsroom.uber.com/uber-is-in-session/,,,,
UberBlack,Cincinnati,Cincinnati,OH,,27-Mar-14,,,,https://newsroom.uber.com/us-ohio/uber-has-officially-launched-in-the-nati/,,,,
UberX,Cincinnati,Cincinnati,OH,,27-Mar-14,,,,https://newsroom.uber.com/us-ohio/uber-has-officially-launched-in-the-nati/,,,,
UberBlack,Cleveland,Cleveland,OH,,8-Apr-14,,,,https://newsroom.uber.com/us-ohio/uber-cleveland-launches-with-free-rides-for-2-weeks/,,,,
UberX,Cleveland,Cleveland,OH,,8-Apr-14,,,,https://newsroom.uber.com/us-ohio/uber-cleveland-launches-with-free-rides-for-2-weeks/,,,,
UberBlack,Columbus,Columbus,OH,3-Oct-13,20-Dec-13,,,,https://newsroom.uber.com/us-ohio/ready-to-roll-columbus/,https://newsroom.uber.com/us-ohio/uber-launches-in-columbus/,,,
UberX,Columbus,Columbus,OH,,25-Feb-14,,,,https://newsroom.uber.com/us-ohio/columbus-uberx-better-faster-cheaper-than-a-taxi/,https://twitter.com/search?q=uberx%20from%3Auber_cbus%20since%3A2013-07-07%20until%3A2014-03-01&src=typd,http://www.bizjournals.com/columbus/news/2014/02/25/uberx-no-frills-car-service-introduced.html,,"Note that the first blog post says it was Feb 22, but everything else says 25th"
UberX,Dayton,Dayton,OH,,28-Aug-14,,,,https://newsroom.uber.com/uber-is-in-session/,,,,
UberX,Toledo,Toledo,OH,,13-Jun-14,,,,https://newsroom.uber.com/us-ohio/uber-toledo-launches-with-free-rides-for-2-weeks-2/,,,,
UberX,Youngstown,Youngstown,OH,,23-Jun-16,,,,https://newsroom.uber.com/us-ohio/uber-youngstown-launch/,,,,
UberX,Oklahoma City,Oklahoma City,OK,,30-Oct-13,,,,https://newsroom.uber.com/us-oklahoma/ridesharing-a-slam-dunk-for-the-big-friendly/,,,,
UberX,Stillwater,Stillwater,OK,,12-Feb-15,,,,https://newsroom.uber.com/us-oklahoma/uber-launching-in-stillwater-with-free-rides/,,,,
UberX,Tulsa,Tulsa,OK,,27-Mar-14,,,,https://newsroom.uber.com/us-oklahoma/tulsa-were-bringing-uber-to-you/,,,,
UberX,Hamilton,Hamilton,ON,,23-Jul-15,,,,https://newsroom.uber.com/canada/en/swolaunch/,,,,
UberX,Kingston,Kingston,ON,,12-Nov-15,,,,https://newsroom.uber.com/canada/en/ontario-launch/,,,,
UberX,Guelph,Kitchener-Waterloo,ON,,23-Jul-15,,,,https://newsroom.uber.com/canada/en/swolaunch/,,,,
UberX,Kitchener - Waterloo,Kitchener-Waterloo,ON,,23-Jul-15,,,,https://newsroom.uber.com/canada/en/swolaunch/,,,,
UberX,London,London,ON,,23-Jul-15,,,,https://newsroom.uber.com/canada/en/swolaunch/,,,,
UberX,Niagara Region,Niagara Region,ON,,12-Nov-15,,,,https://newsroom.uber.com/canada/en/ontario-launch/,,,,
UberX,Ottawa,Ottawa,ON,,1-Oct-14,,,,https://newsroom.uber.com/canada/en/ottawa-uberx-est-en-route/,,,,
UberBlack,Toronto,Toronto,ON,,16-Mar-12,,,,https://newsroom.uber.com/canada/en/oh-canada-uber-toronto-is-now-launched/,,,,
UberX,Toronto,Toronto,ON,,8-Sep-14,,,,https://newsroom.uber.com/canada/en/uberx-is-arriving-now/,,,,
UberX,Windsor,Windsor,ON,,12-Nov-15,,,,https://newsroom.uber.com/canada/en/ontario-launch/,,,,
UberX,Eugene,Eugene,OR,,23-Jul-14,5-Apr-15,,,https://newsroom.uber.com/eugene-and-salem-your-uber-is-arriving-now/,https://newsroom.uber.com/us-oregon/despite-your-support-uber-is-unable-to-operate-in-eugene/,,,
UberX,Portland,Portland,OR,,5-Dec-14,21-Dec-14,24-Apr-15,,http://www.seattletimes.com/nation-world/portland-sues-to-shut-down-uber/,http://www.wweek.com/portland/blog-32599-uber_will_leave_portland_for_three_months_in_deal_with_city_hall_for_new_taxi_rules.html,https://newsroom.uber.com/us-oregon/portland-your-uberx-is-arriving-now/,,
UberX,Salem,Salem,OR,,23-Jul-14,?,,,https://newsroom.uber.com/eugene-and-salem-your-uber-is-arriving-now/,,,,
UberX,Erie,Erie,PA,,10-Apr-15,,,,https://newsroom.uber.com/us-pennsylvania/erie-your-uber-is-arriving-now/,,,,
UberX,Harrisburg,Harrisburg,PA,,29-Jan-15,,,,https://newsroom.uber.com/us-pennsylvania/harrisburg-your-uber-is-arriving-now/,,,,
UberX,York,Harrisburg,PA,,27-Mar-15,,,,https://newsroom.uber.com/us-pennsylvania/lancaster-york-and-reading-your-uber-has-arrived/,,,,
UberX,Lancaster,Lancaster,PA,,27-Mar-15,,,,https://newsroom.uber.com/us-pennsylvania/lancaster-york-and-reading-your-uber-has-arrived/,,,,
UberX,Allentown,Lehigh Valley,PA,,30-Jan-15,,,,https://newsroom.uber.com/us-pennsylvania/lehigh-valley-your-uber-is-arriving-now/,,,,
UberBlack,Philadelphia,Philadelphia,PA,3-May-12,6-Jun-12,,,,http://philly.curbed.com/2012/6/6/10364976/today-uber-launches-in-philly-even-though-we-dont-it-here,https://newsroom.uber.com/us-pennsylvania/phillysecretubers/,,,
UberX,Philadelphia,Philadelphia,PA,,24-Oct-14,,,,https://newsroom.uber.com/us-pennsylvania/ride-safely-with-uberx-for-free-this-weekend/,https://newsroom.uber.com/us-pennsylvania/south-jersey-your-free-uberx-has-arrived/,,,UberX entered suburban Philly before downtown Philly
UberX,Pittsburgh,Pittsburgh,PA,,13-Mar-14,,,,https://newsroom.uber.com/us-pennsylvania/uber-officially-launches-in-pittsburgh/,,,,
UberX,Reading,Reading,PA,,27-Mar-15,,,,https://newsroom.uber.com/us-pennsylvania/lancaster-york-and-reading-your-uber-has-arrived/,,,,
UberX,State College,State College,PA,,6-Feb-15,,,,https://newsroom.uber.com/us-pennsylvania/state-college-your-uber-is-arriving-now/,,,,
UberX,Scranton,Wilkes-Barre and Scranton,PA,,6-Feb-15,,,,https://newsroom.uber.com/us-pennsylvania/wilkes-barrescranton-your-uber-is-arriving-now/,,,,
UberX,Wilkes-Barre,Wilkes-Barre and Scranton,PA,,6-Feb-15,,,,https://newsroom.uber.com/us-pennsylvania/wilkes-barrescranton-your-uber-is-arriving-now/,,,,
UberX,Montreal,Montreal,QC,,29-Oct-14,,,,http://web.archive.org/web/20140122053110/https://www.uber.com/cities/montreal,http://montreal.ctvnews.ca/uberx-comes-to-montreal-offering-lifts-in-personal-vehicles-1.2077771,,https://web.archive.org/web/20141122074412/https://blog.uber.com/?p=112419,Only had uberTaxi prior to this
UberX,Quebec City,Quebec City,QC,,11-Feb-15,,,,https://newsroom.uber.com/canada/en/montreal-uberx-est-en-route-2-2/,,,,
UberX,Providence,Rhode Island,RI,,12-Sep-13,,,,https://newsroom.uber.com/us-rhode-island/uber-anchors-in-the-ocean-state/,,,,
UberX,Charleston,Charleston,SC,,10-Jul-14,,,,https://newsroom.uber.com/us-south-carolina/south-carolina-your-uberx-is-arriving-now/,,,,
UberX,Columbia,Columbia,SC,,10-Jul-14,,,,https://newsroom.uber.com/us-south-carolina/south-carolina-your-uberx-is-arriving-now/,,,,
UberX,Clemson,Greenville,SC,,10-Sep-15,,,,https://newsroom.uber.com/us-south-carolina/uber-just-rolled-into-clemson/,,,,
UberX,Greenville,Greenville,SC,,10-Jul-14,,,,https://newsroom.uber.com/us-south-carolina/south-carolina-your-uberx-is-arriving-now/,,,,
UberX,Spartanburg,Greenville,SC,,16-Jul-15,,,,https://newsroom.uber.com/us-south-carolina/uber-just-rolled-into-spartanburg/,,,,
UberX,Myrtle Beach,Myrtle Beach,SC,,10-Jul-14,,,,https://newsroom.uber.com/us-south-carolina/south-carolina-your-uberx-is-arriving-now/,,,,
UberX,Hilton Head,Savannah-Hilton Head,SC,,27-Mar-15,,,,https://newsroom.uber.com/us-south-carolina/uber-just-rolled-into-hilton-head/,,,,
UberX,Chattanooga,Chattanooga,TN,,13-Nov-14,,,,https://newsroom.uber.com/us-tennessee/chattanooga-your-uber-is-arriving-now/,,,,
UberX,Knoxville,Knoxville,TN,,28-Aug-14,,,,https://newsroom.uber.com/uber-is-in-session/,,,,
UberX,Memphis,Memphis,TN,,24-Apr-14,,,,https://newsroom.uber.com/us-tennessee/raleigh-your-free-uberx-is-arriving-now-2/,,,,
UberX,Clarksville,Nashville,TN,,3-Mar-16,,,,https://newsroom.uber.com/us-tennessee/clarksville-your-uber-is-arriving-now/,,,,
UberBlack,Nashville,Nashville,TN,,9-Jan-14,,,,https://newsroom.uber.com/us-tennessee/nashville-your-uberblack-is-arriving-now/,,,,
UberX,Nashville,Nashville,TN,,10-Dec-13,,,,https://newsroom.uber.com/us-tennessee/nashville-uberx-better-cheaper-faster-than-a-taxi/,,,,
UberX,Bristol,Tri-Cities,TN,,19-Aug-16,,,,http://wjhl.com/2016/08/19/uber-rides-are-now-available-in-the-tri-cities/,,,,
UberX,Johnson City,Tri-Cities,TN,,19-Aug-16,,,,http://wjhl.com/2016/08/19/uber-rides-are-now-available-in-the-tri-cities/,,,,
UberX,Kingsport,Tri-Cities,TN,,19-Aug-16,,,,http://wjhl.com/2016/08/19/uber-rides-are-now-available-in-the-tri-cities/,,,,
UberX,Abilene,Abilene,TX,,12-Aug-15,,,,https://newsroom.uber.com/us-texas/abilene/,,,,
UberX,Amarillo,Amarillo,TX,,16-Jul-14,,,,https://newsroom.uber.com/uber-launching-amarillo-with-free-rides-for-two-weeks/,,,,
UberX,Austin,Austin,TX,,4-Jun-14,9-May-16,29-May-17,,https://twitter.com/Uber_ATX/status/474199740217716736,http://www.vocativ.com/327333/a-world-without-uber-dispatches-from-austin/,https://newsroom.uber.com/us-texas/back-in-the-city-limits/,,"When Uber exited, they just exited Austin proper, not the suburbs"
UberX,Beaumont,Beaumont,TX,,3-Feb-16,,,,https://newsroom.uber.com/houston/beaumont-your-uber-is-arriving-now/,,,,
UberX,College Station,College Station,TX,,28-Aug-14,,,,http://kagstv.com/News/KAGSNews/ID/4561/Uber-Makes-Its-Debut-In-College-Station-Students-Excited,,,,
UberX,Corpus Christi,Corpus Christi,TX,,2-May-14,13-Mar-16,,,https://newsroom.uber.com/us-texas/cheers-corpus-christi-your-uberx-has-arrived/,http://www.caller.com/news/local/uber-announces-plans-to-leave-corpus-christi-sunday-2da3dffd-d761-5ad9-e053-0100007f77e0-371573081.html,,,
UberBlack,Dallas,Dallas-Fort Worth,TX,,14-Sep-12,,,,https://newsroom.uber.com/us-texas/uber-does-dallas/,,,,
UberX,Dallas,Dallas-Fort Worth,TX,,5-Nov-13,,,,https://newsroom.uber.com/us-texas/dallas-uberx-rider-zero-shawn-marion/,,,,
UberX,Fort Worth,Dallas-Fort Worth,TX,,5-May-14,,,,https://newsroom.uber.com/us-texas/fort-worth-your-free-uber-week-has-arrived/,http://www.bizjournals.com/dallas/news/2014/05/07/uber-expands-to-fort-worth-celebrates-with-free.html,,,
UberX,El Paso,El Paso,TX,,26-Jun-14,,,,https://newsroom.uber.com/uber-launching-el-paso-with-free-rides-for-two-weeks/,,,,
UberX,Galveston,Houston,TX,,21-Feb-14,1-Feb-16,,,https://newsroom.uber.com/us-texas/saddle-up-houston-uberx-has-finally-arrived-2/,https://www.texastribune.org/2016/02/03/ride-share-giant-uber-puts-texas-cities-tough-spot/,https://twitter.com/Uber_Houston/status/469138470372257792,,"We cannot tell exactly when Uber entered Galveston, but based on Twitter it seems like it was either the exact same time as it entered Houston or very closely after"
UberBlack,Houston,Houston,TX,,14-Aug-14,,,,https://newsroom.uber.com/us-texas/uberblack-and-ubersuv-roll-into-h-town/,,,,
UberX,Houston,Houston,TX,,21-Feb-14,,,,https://newsroom.uber.com/us-texas/saddle-up-houston-uberx-has-finally-arrived-2/,,,,
UberX,Killeen,Killeen,TX,,2-Jul-15,,,,https://newsroom.uber.com/us-texas/uber-killeen/,,,,
UberX,Las Cruces,Las Cruces,TX,,18-Feb-15,,,,https://newsroom.uber.com/us-texas/las-cruces-your-uber-is-arriving-now/,,,,
UberX,Lubbock,Lubbock,TX,,26-Jun-14,,,,https://newsroom.uber.com/uber-lands-in-lubbock-with-two-weeks-of-free-rides/,,,,
UberX,Midland,Midland-Odessa,TX,,12-Aug-15,1-Feb-16,2-Jun-16,,https://newsroom.uber.com/us-texas/midland/,http://www.newswest9.com/story/31124416/uber-no-longer-serving-midland,https://twitter.com/Uber_TX/status/738387195866800130?lang=en,,
UberX,Odessa,Midland-Odessa,TX,,12-Aug-15,,,,https://newsroom.uber.com/us-texas/midland/,,,,
UberX,San Antonio,San Antonio,TX,,28-Mar-14,1-Apr-15,13-Oct-15,,https://newsroom.uber.com/us-texas/saddle-up-san-antonio-your-uberx-has-arrived/,https://newsroom.uber.com/us-texas/uber-to-shutter-operations-in-san-antonio-on-april-1/,https://newsroom.uber.com/us-texas/san-antonio-were-thrilled-to-be-back/,,
UberX,Waco,Waco,TX,,28-Aug-14,,,,https://newsroom.uber.com/uber-is-in-session/#collegetable,,,,
UberSelect,Provo,Salt Lake City,UT,,20-Nov-15,,,,https://newsroom.uber.com/us-utah/introducing-uberselect-a-step-above-the-everyday/,,,,
UberX,Provo,Salt Lake City,UT,,3-Sep-15,,,,http://www.heraldextra.com/news/local/central/provo/uber-ride-sharing-comes-to-provo/article_db158211-2d9e-548a-8782-73135f38c043.html,,,,
UberSelect,Salt Lake City,Salt Lake City,UT,,20-Nov-15,,,,https://newsroom.uber.com/us-utah/introducing-uberselect-a-step-above-the-everyday/,,,,
UberX,Salt Lake City,Salt Lake City,UT,,27-May-14,,,,https://newsroom.uber.com/us-utah/slc-your-uber-has-arrived-and-its-free/,,,,
UberX,Charlottesville,Charlottesville-Harrisonburg,VA,,28-Aug-14,,,,https://newsroom.uber.com/uber-is-in-session/,,,,
UberX,Harrisonburg,Charlottesville-Harrisonburg,VA,,23-Oct-15,,,,https://newsroom.uber.com/us-virginia/uber-is-now-rolling-in-harrisonburg/,,,,
UberX,Newport News,Hampton Roads,VA,,1-May-14,,,,https://newsroom.uber.com/us-virginia/hello-hampton-roads-secret-ubers-arriving-now/,,,,
UberX,Norfolk,Hampton Roads,VA,,1-May-14,,,,https://newsroom.uber.com/us-virginia/hello-hampton-roads-secret-ubers-arriving-now/,,,,
UberX,Virginia Beach,Hampton Roads,VA,,1-May-14,,,,https://newsroom.uber.com/us-virginia/hello-hampton-roads-secret-ubers-arriving-now/,,,,
UberX,Williamsburg,Hampton Roads,VA,,21-Aug-15,,,,https://newsroom.uber.com/us-virginia/uber-just-rolled-into-williamsburg/,,,,
UberX,Richmond,Richmond,VA,,6-Aug-14,,,,https://newsroom.uber.com/us-virginia/richmond-your-secret-ubers-are-arriving-now/,,,,
UberX,Blacksburg,Roanoke-Blacksburg,VA,,28-Aug-14,,,,https://newsroom.uber.com/uber-is-in-session/,,,,
UberX,Roanoke,Roanoke-Blacksburg,VA,,6-Nov-14,,,,https://newsroom.uber.com/roanoke-your-uber-is-arriving-now/,,,,
UberX,Burlington,Burlington,VT,,9-Oct-14,,,,https://newsroom.uber.com/us-vermont/burlington-your-uberx-is-arriving-now/,,,,
UberX,Bellingham,Bellingham,WA,,11-Nov-15,,,,https://newsroom.uber.com/us-washington/bellingham-your-uber-is-arriving-now/,,,,
UberX,Kennewick,Eastern Washington,WA,,15-Dec-16,,,,https://newsroom.uber.com/us-washington/tri-cities-your-uber-has-arrived/,,,,
UberX,Yakima,Eastern Washington,WA,,16-Dec-16,,,,http://www.tri-cityherald.com/news/local/article119605168.html,,,,
UberX,Olympia,Olympia,WA,,15-Jul-16,,,,http://thurstonchamber.com/uber-visit-olympia-thurston-county-target-zero-team-offer-thurston-county-residents-safe-sober-rides-home/?utm_campaign=shareaholic&utm_medium=facebook&utm_source=socialnetwork,,,,
UberX,Bremerton,Peninsula and SW WA,WA,,30-Sep-15,,,,https://twitter.com/KitsapSun/status/649263171153326080,,,,
UberBlack,Seattle,Seattle,WA,,12-Aug-11,,,,https://newsroom.uber.com/us-washington/you-are-now-free-to-move-about-seattle/,,,,
UberX,Seattle,Seattle,WA,,11-Apr-13,,,,https://newsroom.uber.com/us-washington/seattle-your-uberx-is-arriving-now/,,,,
UberX,Spokane,Spokane,WA,,8-May-14,,,,https://newsroom.uber.com/us-washington/spokane-your-uberx-is-arriving-now-and-its-free/,,,,
UberBlack,Tacoma,Tacoma,WA,,8-Apr-14,,,,https://newsroom.uber.com/us-washington/uberx-rider-zero-rhubarb-the-reindeer/,,,,"It isn't clear that UberBlack became available the same date, but on Internet Archive they both show as available every time we can check"
UberX,Tacoma,Tacoma,WA,,8-Apr-14,,,,https://newsroom.uber.com/us-washington/uberx-rider-zero-rhubarb-the-reindeer/,,,,
UberX,Vancouver,Vancouver,WA,,10-Jul-14,,,,https://newsroom.uber.com/us-washington/vancouver-washington-we-have-arrived/,,,,
UberX,Eau Claire,Eau Clair,WI,,2-Mar-17,,,,https://newsroom.uber.com/us-wisconsin/uber-launches-eau-claire-la-crosse-wausau/,,,,
UberX,Appleton,Green Bay,WI,,10-Sep-15,,,,https://twitter.com/Uber_WI/status/642104262466633728,https://twitter.com/Uber_WI/status/642005360279199744,,,
UberX,Fond Du Lac,Green Bay,WI,,25-Nov-15,,,,https://newsroom.uber.com/us-wisconsin/you-can-now-request-uberx-in-four-new-wisconsin-cities/,,,,
UberX,Green Bay,Green Bay,WI,,16-Oct-14,,,,https://newsroom.uber.com/us-wisconsin/uber-launching-in-green-bay-with-free-rides/,,,,
UberX,Oshkosh,Green Bay,WI,,25-Nov-15,,,,https://newsroom.uber.com/us-wisconsin/you-can-now-request-uberx-in-four-new-wisconsin-cities/,,,,
UberX,Wausau,Green Bay,WI,,2-Mar-17,,,,https://newsroom.uber.com/us-wisconsin/uber-launches-eau-claire-la-crosse-wausau/,,,,
UberX,La Crosse,La Crosse,WI,,2-Mar-17,,,,https://newsroom.uber.com/us-wisconsin/uber-launches-eau-claire-la-crosse-wausau/,,,,
UberX,Beloit,Madison,WI,,25-Nov-15,,,,https://newsroom.uber.com/us-wisconsin/you-can-now-request-uberx-in-four-new-wisconsin-cities/,,,,
UberX,Janesville,Madison,WI,,25-Nov-15,,,,https://newsroom.uber.com/us-wisconsin/you-can-now-request-uberx-in-four-new-wisconsin-cities/,,,,
UberX,Madison,Madison,WI,,6-Mar-14,,,,https://newsroom.uber.com/us-wisconsin/madison-your-uber-has-arrived/,,,,
UberBlack,Milwaukee,Milwaukee,WI,,13-Feb-14,,,,https://newsroom.uber.com/us-wisconsin/uber-rolls-into-brew-city-with-rider-zero-brandon-knight/,,,,
UberX,Milwaukee,Milwaukee,WI,,28-Mar-14,,,,https://newsroom.uber.com/us-wisconsin/uberx-has-arrived-in-mke-in-time-for-opening-day/,,,,
UberX,Racine,Milwaukee,WI,,21-May-15,,,,https://newsroom.uber.com/us-wisconsin/were-rollin-into-a-city-near-you/,,,,
UberX,Charleston,Charleston,WV,,19-Jul-16,,,,http://www.wvgazettemail.com/news-business/20160719/uber-starts-offering-rides-in-wv,,,,
UberX,Huntington,Charleston,WV,,19-Jul-16,,,,http://www.herald-dispatch.com/news/uber-launches-in-west-virginia/article_efe55a45-633e-596b-88fc-7d3a7c54af9e.html,,,,
UberX,Grand Junction,Rockies,CO,,6-Oct-15,,,,http://www.nbc11news.com/home/headlines/Uber-comes-to-the-Grand-Valley--330986692.html,http://www.nbc11news.com/content/news/The-reason-for-the-Uber-shortage-in-the-Grand-Valley-376801531.html,,,Not well identified
UberX,Buffalo,Upstate NY,NY,,29-Jun-17,,,,https://twitter.com/Uber_NY/status/880386619462877184,http://www.newyorkupstate.com/news/2017/06/upstate_nys_long_wait_for_uber_and_lyft_ending_what_you_need_to_know.html,,,
UberX,Rochester,Upstate NY,NY,,29-Jun-17,,,,https://twitter.com/Uber_NY/status/880386619462877184,http://www.newyorkupstate.com/news/2017/06/upstate_nys_long_wait_for_uber_and_lyft_ending_what_you_need_to_know.html,,,
UberX,Albany,Upstate NY,NY,,29-Jun-17,,,,https://twitter.com/Uber_NY/status/880386619462877184,http://www.newyorkupstate.com/news/2017/06/upstate_nys_long_wait_for_uber_and_lyft_ending_what_you_need_to_know.html,,,
UberX,Poughkeepsie,Upstate NY,NY,,29-Jun-17,,,,https://twitter.com/Uber_NY/status/880386619462877184,http://www.newyorkupstate.com/news/2017/06/upstate_nys_long_wait_for_uber_and_lyft_ending_what_you_need_to_know.html,,,
UberX,Syracuse,Upstate NY,NY,,29-Jun-17,,,,https://twitter.com/Uber_NY/status/880386619462877184,http://www.newyorkupstate.com/news/2017/06/upstate_nys_long_wait_for_uber_and_lyft_ending_what_you_need_to_know.html,,,
UberX,Utica,Upstate NY,NY,,29-Jun-17,,,,https://twitter.com/Uber_NY/status/880386619462877184,http://www.newyorkupstate.com/news/2017/06/upstate_nys_long_wait_for_uber_and_lyft_ending_what_you_need_to_know.html,,,
UberX,Binghamton,Upstate NY,NY,,29-Jun-17,,,,https://twitter.com/Uber_NY/status/880386619462877184,http://www.newyorkupstate.com/news/2017/06/upstate_nys_long_wait_for_uber_and_lyft_ending_what_you_need_to_know.html,,,
UberX,Glens Falls,Upstate NY,NY,,29-Jun-17,,,,https://twitter.com/Uber_NY/status/880386619462877184,http://www.newyorkupstate.com/news/2017/06/upstate_nys_long_wait_for_uber_and_lyft_ending_what_you_need_to_know.html,,,
UberX,Ithaca,Upstate NY,NY,,29-Jun-17,,,,https://twitter.com/Uber_NY/status/880386619462877184,http://www.newyorkupstate.com/news/2017/06/upstate_nys_long_wait_for_uber_and_lyft_ending_what_you_need_to_know.html,,,
UberX,Elmira,Upstate NY,NY,,29-Jun-17,,,,https://twitter.com/Uber_NY/status/880386619462877184,http://www.newyorkupstate.com/news/2017/06/upstate_nys_long_wait_for_uber_and_lyft_ending_what_you_need_to_know.html,,,
